create table movies (movie_id integer generated by default as identity, movie_year integer, genres varchar(255), title varchar(255), primary key (movie_id));
create table ratings (movie_id integer, rating float(53), user_id integer, id bigint generated by default as identity, rating_ts timestamp(6) with time zone, primary key (id));
create table users (birth_year integer, user_id integer not null, country varchar(255), primary key (user_id));
INSERT INTO movies (title, movie_year, genres) VALUES ('The Shawshank Redemption',1994,'Drama');
INSERT INTO movies (title, movie_year, genres) VALUES ('The Godfather',1972,'Crime');
INSERT INTO movies (title, movie_year, genres) VALUES ('The Dark Knight',2008,'Action');
INSERT INTO movies (title, movie_year, genres) VALUES ('Inception',2010,'Sci-Fi');
INSERT INTO movies (title, movie_year, genres) VALUES ('Forrest Gump',1994,'Drama');
INSERT INTO movies (title, movie_year, genres) VALUES ('Fight Club',1999,'Drama');
INSERT INTO movies (title, movie_year, genres) VALUES ('The Matrix',1999,'Sci-Fi');
INSERT INTO movies (title, movie_year, genres) VALUES ('Goodfellas',1990,'Crime');
INSERT INTO movies (title, movie_year, genres) VALUES ('The Lord of the Rings: The Fellowship of the Ring',2001,'Fantasy');
INSERT INTO movies (title, movie_year, genres) VALUES ('The Lord of the Rings: The Return of the King',2003,'Fantasy');
INSERT INTO movies (title, movie_year, genres) VALUES ('The Lord of the Rings: The Two Towers',2002,'Fantasy');
INSERT INTO movies (title, movie_year, genres) VALUES ('Interstellar',2014,'Sci-Fi');
INSERT INTO movies (title, movie_year, genres) VALUES ('Gladiator',2000,'Action');
INSERT INTO movies (title, movie_year, genres) VALUES ('The Silence of the Lambs',1991,'Thriller');
INSERT INTO movies (title, movie_year, genres) VALUES ('Se7en',1995,'Thriller');
INSERT INTO movies (title, movie_year, genres) VALUES ('The Green Mile',1999,'Drama');
INSERT INTO movies (title, movie_year, genres) VALUES ('Avengers: Endgame',2019,'Action');
INSERT INTO movies (title, movie_year, genres) VALUES ('The Lion King',1994,'Animation');
INSERT INTO movies (title, movie_year, genres) VALUES ('Back to the Future',1985,'Sci-Fi');
INSERT INTO movies (title, movie_year, genres) VALUES ('Jurassic Park',1993,'Sci-Fi');
INSERT INTO movies (title, movie_year, genres) VALUES ('Titanic',1997,'Romance');
INSERT INTO movies (title, movie_year, genres) VALUES ('Avatar',2009,'Sci-Fi');
INSERT INTO movies (title, movie_year, genres) VALUES ('The Avengers',2012,'Action');
INSERT INTO movies (title, movie_year, genres) VALUES ('Iron Man',2008,'Action');
INSERT INTO movies (title, movie_year, genres) VALUES ('Captain America: The Winter Soldier',2014,'Action');
INSERT INTO movies (title, movie_year, genres) VALUES ('Doctor Strange',2016,'Action');
INSERT INTO movies (title, movie_year, genres) VALUES ('Spider-Man: No Way Home',2021,'Action');
INSERT INTO movies (title, movie_year, genres) VALUES ('Black Panther',2018,'Action');
INSERT INTO movies (title, movie_year, genres) VALUES ('Guardians of the Galaxy',2014,'Action');
INSERT INTO movies (title, movie_year, genres) VALUES ('Deadpool',2016,'Action');
INSERT INTO users (user_id, country, birth_year) VALUES (1,'Brazil',1990);
INSERT INTO users (user_id, country, birth_year) VALUES (2,'USA',1985);
INSERT INTO users (user_id, country, birth_year) VALUES (3,'UK',1992);
INSERT INTO users (user_id, country, birth_year) VALUES (4,'Germany',1988);
INSERT INTO users (user_id, country, birth_year) VALUES (5,'India',1995);
INSERT INTO users (user_id, country, birth_year) VALUES (6,'Canada',1980);
INSERT INTO users (user_id, country, birth_year) VALUES (7,'Japan',1993);
INSERT INTO users (user_id, country, birth_year) VALUES (8,'France',1987);
INSERT INTO users (user_id, country, birth_year) VALUES (9,'Spain',1991);
INSERT INTO users (user_id, country, birth_year) VALUES (10,'Australia',1984);
INSERT INTO ratings (user_id, movie_id, rating, rating_ts) VALUES (1,1,5,CURRENT_TIMESTAMP);
INSERT INTO ratings (user_id, movie_id, rating, rating_ts) VALUES (2,1,4,CURRENT_TIMESTAMP);
INSERT INTO ratings (user_id, movie_id, rating, rating_ts) VALUES (3,2,5,CURRENT_TIMESTAMP);
INSERT INTO ratings (user_id, movie_id, rating, rating_ts) VALUES (4,3,4,CURRENT_TIMESTAMP);
INSERT INTO ratings (user_id, movie_id, rating, rating_ts) VALUES (5,4,5,CURRENT_TIMESTAMP);
INSERT INTO ratings (user_id, movie_id, rating, rating_ts) VALUES (6,5,4,CURRENT_TIMESTAMP);
INSERT INTO ratings (user_id, movie_id, rating, rating_ts) VALUES (7,6,5,CURRENT_TIMESTAMP);
INSERT INTO ratings (user_id, movie_id, rating, rating_ts) VALUES (8,7,4,CURRENT_TIMESTAMP);
INSERT INTO ratings (user_id, movie_id, rating, rating_ts) VALUES (9,8,5,CURRENT_TIMESTAMP);
INSERT INTO ratings (user_id, movie_id, rating, rating_ts) VALUES (10,9,5,CURRENT_TIMESTAMP);
INSERT INTO ratings (user_id, movie_id, rating, rating_ts) VALUES (1,10,5,CURRENT_TIMESTAMP);
INSERT INTO ratings (user_id, movie_id, rating, rating_ts) VALUES (2,11,4,CURRENT_TIMESTAMP);
INSERT INTO ratings (user_id, movie_id, rating, rating_ts) VALUES (3,12,5,CURRENT_TIMESTAMP);
INSERT INTO ratings (user_id, movie_id, rating, rating_ts) VALUES (4,13,4,CURRENT_TIMESTAMP);
INSERT INTO ratings (user_id, movie_id, rating, rating_ts) VALUES (5,14,5,CURRENT_TIMESTAMP);
INSERT INTO ratings (user_id, movie_id, rating, rating_ts) VALUES (6,15,4,CURRENT_TIMESTAMP);
INSERT INTO ratings (user_id, movie_id, rating, rating_ts) VALUES (7,16,5,CURRENT_TIMESTAMP);
INSERT INTO ratings (user_id, movie_id, rating, rating_ts) VALUES (8,17,4,CURRENT_TIMESTAMP);
INSERT INTO ratings (user_id, movie_id, rating, rating_ts) VALUES (9,18,5,CURRENT_TIMESTAMP);
INSERT INTO ratings (user_id, movie_id, rating, rating_ts) VALUES (10,19,5,CURRENT_TIMESTAMP);
INSERT INTO ratings (user_id, movie_id, rating, rating_ts) VALUES (1,20,4,CURRENT_TIMESTAMP);
INSERT INTO ratings (user_id, movie_id, rating, rating_ts) VALUES (2,21,5,CURRENT_TIMESTAMP);
INSERT INTO ratings (user_id, movie_id, rating, rating_ts) VALUES (3,22,4,CURRENT_TIMESTAMP);
INSERT INTO ratings (user_id, movie_id, rating, rating_ts) VALUES (4,23,5,CURRENT_TIMESTAMP);
INSERT INTO ratings (user_id, movie_id, rating, rating_ts) VALUES (5,24,4,CURRENT_TIMESTAMP);
INSERT INTO ratings (user_id, movie_id, rating, rating_ts) VALUES (6,25,5,CURRENT_TIMESTAMP);
INSERT INTO ratings (user_id, movie_id, rating, rating_ts) VALUES (7,26,4,CURRENT_TIMESTAMP);
INSERT INTO ratings (user_id, movie_id, rating, rating_ts) VALUES (8,27,5,CURRENT_TIMESTAMP);
INSERT INTO ratings (user_id, movie_id, rating, rating_ts) VALUES (9,28,4,CURRENT_TIMESTAMP);
INSERT INTO ratings (user_id, movie_id, rating, rating_ts) VALUES (10,29,5,CURRENT_TIMESTAMP);
INSERT INTO ratings (user_id, movie_id, rating, rating_ts) VALUES (1,30,5,CURRENT_TIMESTAMP);
