INSERT INTO movies (movie_id, title, movie_year, genres, imdb_id) VALUES (1,'The Shawshank Redemption',1994,'Drama','tt0111161');
INSERT INTO movies (movie_id, title, movie_year, genres, imdb_id) VALUES (2,'The Godfather',1972,'Crime','tt0068646');
INSERT INTO movies (movie_id, title, movie_year, genres, imdb_id) VALUES (3,'The Dark Knight',2008,'Action','tt0468569');
INSERT INTO movies (movie_id, title, movie_year, genres, imdb_id) VALUES (4,'Inception',2010,'Sci-Fi','tt1375666');
INSERT INTO movies (movie_id, title, movie_year, genres, imdb_id) VALUES (5,'Forrest Gump',1994,'Drama','tt0109830');
INSERT INTO movies (movie_id, title, movie_year, genres, imdb_id) VALUES (6,'Fight Club',1999,'Drama','tt0137523');
INSERT INTO movies (movie_id, title, movie_year, genres, imdb_id) VALUES (7,'The Matrix',1999,'Sci-Fi','tt0133093');
INSERT INTO movies (movie_id, title, movie_year, genres, imdb_id) VALUES (8,'Goodfellas',1990,'Crime','tt0099685');
INSERT INTO movies (movie_id, title, movie_year, genres, imdb_id) VALUES (9,'The Lord of the Rings: The Fellowship of the Ring',2001,'Fantasy','tt0120737');
INSERT INTO movies (movie_id, title, movie_year, genres, imdb_id) VALUES (10,'The Lord of the Rings: The Return of the King',2003,'Fantasy','tt0167260');
INSERT INTO movies (movie_id, title, movie_year, genres, imdb_id) VALUES (11,'The Lord of the Rings: The Two Towers',2002,'Fantasy','tt0167261');
INSERT INTO movies (movie_id, title, movie_year, genres, imdb_id) VALUES (12,'Interstellar',2014,'Sci-Fi','tt0816692');
INSERT INTO movies (movie_id, title, movie_year, genres, imdb_id) VALUES (13,'Gladiator',2000,'Action','tt0172495');
INSERT INTO movies (movie_id, title, movie_year, genres, imdb_id) VALUES (14,'The Silence of the Lambs',1991,'Thriller','tt0102926');
INSERT INTO movies (movie_id, title, movie_year, genres, imdb_id) VALUES (15,'Se7en',1995,'Thriller','tt0114369');
INSERT INTO movies (movie_id, title, movie_year, genres, imdb_id) VALUES (16,'The Green Mile',1999,'Drama','tt0120689');
INSERT INTO movies (movie_id, title, movie_year, genres, imdb_id) VALUES (17,'Avengers: Endgame',2019,'Action','tt4154796');
INSERT INTO movies (movie_id, title, movie_year, genres, imdb_id) VALUES (18,'The Lion King',1994,'Animation','tt0110357');
INSERT INTO movies (movie_id, title, movie_year, genres, imdb_id) VALUES (19,'Back to the Future',1985,'Sci-Fi','tt0088763');
INSERT INTO movies (movie_id, title, movie_year, genres, imdb_id) VALUES (20,'Jurassic Park',1993,'Sci-Fi','tt0107290');
INSERT INTO movies (movie_id, title, movie_year, genres, imdb_id) VALUES (21,'Titanic',1997,'Romance','tt0120338');
INSERT INTO movies (movie_id, title, movie_year, genres, imdb_id) VALUES (22,'Avatar',2009,'Sci-Fi','tt0499549');
INSERT INTO movies (movie_id, title, movie_year, genres, imdb_id) VALUES (23,'The Avengers',2012,'Action','tt0848228');
INSERT INTO movies (movie_id, title, movie_year, genres, imdb_id) VALUES (24,'Iron Man',2008,'Action','tt0371746');
INSERT INTO movies (movie_id, title, movie_year, genres, imdb_id) VALUES (25,'Captain America: The Winter Soldier',2014,'Action','tt1843866');
INSERT INTO movies (movie_id, title, movie_year, genres, imdb_id) VALUES (26,'Doctor Strange',2016,'Action','tt1211837');
INSERT INTO movies (movie_id, title, movie_year, genres, imdb_id) VALUES (27,'Spider-Man: No Way Home',2021,'Action','tt10872600');
INSERT INTO movies (movie_id, title, movie_year, genres, imdb_id) VALUES (28,'Black Panther',2018,'Action','tt1825683');
INSERT INTO movies (movie_id, title, movie_year, genres, imdb_id) VALUES (29,'Guardians of the Galaxy',2014,'Action','tt2015381');
INSERT INTO movies (movie_id, title, movie_year, genres, imdb_id) VALUES (30,'Deadpool',2016,'Action','tt1431045');


INSERT INTO users (user_id, country, birth_year) VALUES (1,'Brazil',1990);
INSERT INTO users (user_id, country, birth_year) VALUES (2,'USA',1985);
INSERT INTO users (user_id, country, birth_year) VALUES (3,'UK',1992);
INSERT INTO users (user_id, country, birth_year) VALUES (4,'Germany',1988);
INSERT INTO users (user_id, country, birth_year) VALUES (5,'India',1995);
INSERT INTO users (user_id, country, birth_year) VALUES (6,'Canada',1980);
INSERT INTO users (user_id, country, birth_year) VALUES (7,'Japan',1993);
INSERT INTO users (user_id, country, birth_year) VALUES (8,'France',1987);
INSERT INTO users (user_id, country, birth_year) VALUES (9,'Spain',1991);
INSERT INTO users (user_id, country, birth_year) VALUES (10,'Australia',1984);

INSERT INTO ratings (user_id, movie_id, rating, rating_ts) VALUES (1,1,5,CURRENT_TIMESTAMP);
INSERT INTO ratings (user_id, movie_id, rating, rating_ts) VALUES (2,1,4,CURRENT_TIMESTAMP);
INSERT INTO ratings (user_id, movie_id, rating, rating_ts) VALUES (3,2,5,CURRENT_TIMESTAMP);
INSERT INTO ratings (user_id, movie_id, rating, rating_ts) VALUES (4,3,4,CURRENT_TIMESTAMP);
INSERT INTO ratings (user_id, movie_id, rating, rating_ts) VALUES (5,4,5,CURRENT_TIMESTAMP);
INSERT INTO ratings (user_id, movie_id, rating, rating_ts) VALUES (6,5,4,CURRENT_TIMESTAMP);
INSERT INTO ratings (user_id, movie_id, rating, rating_ts) VALUES (7,6,5,CURRENT_TIMESTAMP);
INSERT INTO ratings (user_id, movie_id, rating, rating_ts) VALUES (8,7,4,CURRENT_TIMESTAMP);
INSERT INTO ratings (user_id, movie_id, rating, rating_ts) VALUES (9,8,5,CURRENT_TIMESTAMP);
INSERT INTO ratings (user_id, movie_id, rating, rating_ts) VALUES (10,9,5,CURRENT_TIMESTAMP);
INSERT INTO ratings (user_id, movie_id, rating, rating_ts) VALUES (1,10,5,CURRENT_TIMESTAMP);
INSERT INTO ratings (user_id, movie_id, rating, rating_ts) VALUES (2,11,4,CURRENT_TIMESTAMP);
INSERT INTO ratings (user_id, movie_id, rating, rating_ts) VALUES (3,12,5,CURRENT_TIMESTAMP);
INSERT INTO ratings (user_id, movie_id, rating, rating_ts) VALUES (4,13,4,CURRENT_TIMESTAMP);
INSERT INTO ratings (user_id, movie_id, rating, rating_ts) VALUES (5,14,5,CURRENT_TIMESTAMP);
INSERT INTO ratings (user_id, movie_id, rating, rating_ts) VALUES (6,15,4,CURRENT_TIMESTAMP);
INSERT INTO ratings (user_id, movie_id, rating, rating_ts) VALUES (7,16,5,CURRENT_TIMESTAMP);
INSERT INTO ratings (user_id, movie_id, rating, rating_ts) VALUES (8,17,4,CURRENT_TIMESTAMP);
INSERT INTO ratings (user_id, movie_id, rating, rating_ts) VALUES (9,18,5,CURRENT_TIMESTAMP);
INSERT INTO ratings (user_id, movie_id, rating, rating_ts) VALUES (10,19,5,CURRENT_TIMESTAMP);
INSERT INTO ratings (user_id, movie_id, rating, rating_ts) VALUES (1,20,4,CURRENT_TIMESTAMP);
INSERT INTO ratings (user_id, movie_id, rating, rating_ts) VALUES (2,21,5,CURRENT_TIMESTAMP);
INSERT INTO ratings (user_id, movie_id, rating, rating_ts) VALUES (3,22,4,CURRENT_TIMESTAMP);
INSERT INTO ratings (user_id, movie_id, rating, rating_ts) VALUES (4,23,5,CURRENT_TIMESTAMP);
INSERT INTO ratings (user_id, movie_id, rating, rating_ts) VALUES (5,24,4,CURRENT_TIMESTAMP);
INSERT INTO ratings (user_id, movie_id, rating, rating_ts) VALUES (6,25,5,CURRENT_TIMESTAMP);
INSERT INTO ratings (user_id, movie_id, rating, rating_ts) VALUES (7,26,4,CURRENT_TIMESTAMP);
INSERT INTO ratings (user_id, movie_id, rating, rating_ts) VALUES (8,27,5,CURRENT_TIMESTAMP);
INSERT INTO ratings (user_id, movie_id, rating, rating_ts) VALUES (9,28,4,CURRENT_TIMESTAMP);
INSERT INTO ratings (user_id, movie_id, rating, rating_ts) VALUES (10,29,5,CURRENT_TIMESTAMP);
INSERT INTO ratings (user_id, movie_id, rating, rating_ts) VALUES (1,30,5,CURRENT_TIMESTAMP);
